,cluster_num,avg,std
0,7,0.3456893910060052,0.022864415402132174
1,6,0.3554319291707884,0.030790802107516196
2,5,0.3746926481291311,0.036887907536457834
3,4,0.4017542964634754,0.022573376026433698
4,3,0.3669859128786294,0.022393044927167045
